0,https://github.com/fraywing/textAngular/releases/tag/v1.3.7
1,https://github.com/openssl/openssl/commit/ce325c60c74b0fa784f5872404b722e120e5cab0
2,https://github.com/openssl/openssl/commit/1421e0c584ae9120ca1b88098f13d6d2e90b83a3
3,https://github.com/openssl/openssl/commit/103b171d8fc282ef435f8de9afbf7782e312961f
4,https://github.com/apache/httpd/commit/643f0fcf3b8ab09a68f0ecd2aa37aafeda3e63ef
5,https://github.com/php/php-src/commit/b585a3aed7880a5fa5c18e2b838fc96f40e075bd
6,https://github.com/torvalds/linux/commit/f3747379accba8e95d70cec0eae0582c8c182050
7,https://github.com/apache/httpd/commit/6a974059190b8a0c7e499f4ab12fe108127099cb
8,https://github.com/philippK-de/Collabtive/commit/9ce6301583669d0a8ecb4d23fb56e34b68511335
9,https://github.com/torvalds/linux/commit/8275cdd0e7ac550dcce2b3ef6d2fb3b808c1ae59
10,https://github.com/torvalds/linux/commit/0f2af21aae11972fa924374ddcf52e88347cf5a8
11,https://github.com/libuv/libuv/commit/66ab38918c911bcff025562cf06237d7fedaba0c
12,https://github.com/libuv/libuv/pull/215
13,https://github.com/spacewalkproject/spacewalk/commit/dd418384171473c3e31386a1b4792f8c555dc744
14,https://github.com/spacewalkproject/spacewalk/commit/f3792c79c1c251a49cc4e382be8591636326a794
15,https://github.com/rapid7/metasploit-framework/pull/5096
16,https://raw.githubusercontent.com/pedrib/PoC/master/generic/zenworks_zcm_rce.txt
17,https://github.com/openSUSE/open-build-service/commit/474a3db19498765f0118ba3dbc0b1cc90b0097fc
18,https://github.com/khaledhosny/ots/commit/003c62d28ae438aa8943cb31535563397f838a2c
19,https://github.com/jamesturk/django-markupfield/blob/master/CHANGELOG
20,https://github.com/sddm/sddm/commit/4cfed6b0a625593fb43876f04badc4dd99799d86
21,https://github.com/sddm/sddm/wiki/0.13.0-Release-Announcement
22,https://github.com/sauruscms/Saurus-CMS-Community-Edition/commit/1bc272874a86eaab99dccd00b29177423fd83877
23,https://github.com/zencart-ja/zc-v1-series/commit/022949bd09444d7e58703cc537dbbd5744c381b8
24,https://github.com/kajona/kajonacms/commit/563d39c327606232e480602f7b36ea6cb31bc6f7
25,https://gist.github.com/brandonprry/692e553975bf29aeaf2c
26,https://gist.github.com/brandonprry/692e553975bf29aeaf2c
27,https://gist.github.com/todb-r7/5d86ecc8118f9eeecc15
28,https://github.com/ZF-Commons/ZfcUser/commit/baf0e460
29,https://github.com/ZF-Commons/ZfcUser/issues/550
30,https://github.com/bedita/bedita/issues/566
31,https://github.com/e107inc/e107v1/issues/2
32,https://github.com/croogo/croogo/issues/599
33,https://github.com/0x00string/oldays/blob/master/CVE-2015-1158.py
34,https://github.com/expressjs/serve-static/issues/26
35,https://github.com/Jasig/cas/commit/7de61b4c6244af9ff8e75a2c92a570f3b075309c
36,https://github.com/Jasig/cas/pull/411
37,https://github.com/osTicket/osTicket-1.8/pull/1639
38,https://github.com/osTicket/osTicket-1.8/releases/tag/v1.9.5
39,https://github.com/darkarnium/secpub/tree/master/Multivendor/ncc2
40,https://github.com/madler/pigz/commit/fdad1406b3ec809f4954ff7cdf9e99eb18c2458f
41,https://gist.github.com/bittorrent3389/8fee7cdaa73d1d351ee9
42,https://gist.github.com/bittorrent3389/8fee7cdaa73d1d351ee9
43,https://github.com/FFmpeg/FFmpeg/blob/n2.4.6/Changelog
44,https://github.com/w3c/resource-timing/issues/29
45,https://github.com/martinpitt/python-dbusmock/commit/4e7d0df9093
46,https://github.com/lxc/lxc/commit/72cf81f6a3404e35028567db2c99a90406e9c6e6
47,https://github.com/torvalds/linux/commit/ca4da5dd1f99fe9c59f1709fb43e818b18ad20e0
48,https://github.com/lxc/lxc/commit/5c3fcae78b63ac9dd56e36075903921bd9461f9e
49,https://github.com/lxc/lxc/commit/592fd47a6245508b79fe6ac819fe6d3b2c1289be
50,https://github.com/torvalds/linux/commit/2c5816b4beccc8ba709144539f6fdd764f8fa49c
51,https://github.com/lxc/lxd/commit/19c6961cc1012c8a529f20807328a9357f5034f4
52,https://github.com/lxc/lxcfs/commit/a8b6c3e0537e90fba3c55910fd1b7229d54a60a7
53,https://github.com/lxc/lxcfs/commit/8ee2a503e102b1a43ec4d83113dc275ab20a869a
54,https://github.com/osTicket/osTicket-1.8/commit/b38b3ca7235002137cc9ff74b3c24a4a78c9c2d1
55,https://github.com/osTicket/osTicket-1.8/releases/tag/v1.9.5.1
56,https://github.com/sequelize/sequelize/pull/2919
57,https://github.com/chjj/marked/issues/492
58,https://github.com/evilpacket/marked/commit/3c191144939107c45a7fa11ab6cb88be6694a1ba
59,https://github.com/JRogaishio/ferretCMS/issues/63
60,https://github.com/JRogaishio/ferretCMS/issues/63
61,https://github.com/JRogaishio/ferretCMS/issues/63
62,https://github.com/JRogaishio/ferretCMS/issues/63
63,https://github.com/grml/grml-debootstrap/issues/59
64,https://github.com/cmaruti/reports/blob/master/aruba_clearpass.pdf
65,https://github.com/torvalds/linux/commit/600ddd6825543962fb807884169e57b580dba208
66,https://github.com/sefrengo-cms/sefrengo-1.x/commit/0b1edd4b22a47743eff7cfaf884ba2a4e06e15eb
67,https://github.com/sefrengo-cms/sefrengo-1.x/commit/22c0d16bfd715631ed317cc990785ccede478f07
68,https://github.com/phpbb/phpbb/commit/eaeb88133f1f028fa06f0ebe5639668436fd469e
69,https://github.com/phpbb/phpbb/pull/3316
70,https://github.com/phpbb/phpbb/commit/23069a13e203985ab124d1139e8de74b12778449
71,https://github.com/phpbb/phpbb/pull/3311
72,http://trac.roundcube.net/changeset/786aa0725/github
73,https://github.com/torvalds/linux/commit/df4d92549f23e1c037e83323aff58a21b3de7fe0
74,https://github.com/delta/pragyan/commit/c93bc100ec93fc78940fbdca9b6b009101858309
75,https://github.com/delta/pragyan/issues/206
76,https://github.com/bro/bro/commit/6cedd67c381ff22fde653adf02ee31caf66c81a0
77,https://github.com/bro/bro/commit/6cedd67c381ff22fde653adf02ee31caf66c81a0
78,https://github.com/centreon/centreon/commit/668a928f34dc0f67723d3db138c042eb7f979f28#diff-f69d4a3d3d177d024c22419357c1f4f4
79,https://github.com/centreon/centreon/commit/a78c60aad6fd5af9b51a6d5de5d65560ea37a98a#diff-27550b563fa8d660b64bca871a219cb1
80,https://github.com/sauruscms/Saurus-CMS-Community-Edition/commit/8dec044d0fdabcb9b04e58037623385a97b0d288
81,https://github.com/torvalds/linux/commit/a2f18db0c68fec96631c10cad9384c196e9008ac
82,https://github.com/atutor/ATutor/commit/068b8aa37f24645c62235018fb8da340f60e2d18
83,https://github.com/atutor/ATutor/commit/0ee827317e497f1db86ddc5080b8af461e4595ce
84,https://github.com/atutor/ATutor/commit/af519cfb56da7312eecbb5812484fcbce08e4419
85,https://github.com/fatfreecrm/fat_free_crm/wiki/CSRF-Vulnerability-%28CVE-2015-1585%29
86,https://github.com/kamailio/kamailio/blob/4.3.0/ChangeLog#L2038
87,https://github.com/kamailio/kamailio/commit/06177b12936146d48378cc5f6c6e1b157ebd519b
88,https://github.com/kamailio/kamailio/issues/48
89,https://github.com/kamailio/kamailio/issues/48
90,https://github.com/torvalds/linux/commit/4e7c22d447bb6d7e37bfe39ff658486ae78e8d77
91,https://github.com/kneecht/adminsystems/issues/1
92,https://github.com/kneecht/adminsystems/releases/tag/4.0.2
93,https://github.com/kneecht/adminsystems/issues/1
94,https://github.com/kneecht/adminsystems/releases/tag/4.0.2
95,https://github.com/openssl/openssl/commit/4924b37ee01f71ae19c94a8934b80eeb2f677932
96,https://github.com/openssl/openssl/commit/f48b83b4fb7d6689584cf25f61ca63a4891f5b11
97,https://github.com/openssl/openssl/commit/59302b600e8d5b77ef144e447bb046fd7ab72686
98,https://github.com/openssl/openssl/commit/98ece4eebfb6cd45cc8d550c6ac0022965071afc
99,https://github.com/openssl/openssl/commit/cd30f03ac5bf2962f44bd02ae8d88245dff2f12c
100,https://github.com/torvalds/linux/commit/637b58c2887e5e57850865839cc75f59184b23d1
101,https://github.com/torvalds/linux/commit/f0d1bec9d58d4c038d0ac958c9af82be6eb18045
102,https://github.com/stealth/troubleshooter
103,https://github.com/theforeman/foreman/pull/2265
104,https://github.com/rest-client/rest-client/issues/369
105,https://github.com/ruby/openssl/issues/8
106,https://github.com/saltstack/salt/commit/e11298d7155e9982749483ca5538e46090caef9c
107,https://github.com/saltstack/salt/commit/22d2f7a1ec93300c34e8c42d14ec39d51e610b5c
108,https://github.com/saltstack/salt/commit/b49d0d4b5ca5c6f31f03e2caf97cef1088eeed81
109,https://github.com/rails/jquery-rails/blob/master/CHANGELOG.md
110,https://github.com/rails/jquery-ujs/blob/master/CHANGELOG.md
111,https://github.com/theforeman/foreman/pull/2273
112,https://github.com/wildfly-security/jboss-negotiation/commit/0dc9d191b6eb1d13b8f0189c5b02ba6576f4722e
113,https://github.com/wildfly-security/jboss-negotiation/pull/21
114,https://github.com/abrt/abrt/pull/810
115,https://github.com/ClusterLabs/pacemaker/commit/84ac07c
116,https://github.com/abrt/abrt/commit/3287aa12eb205cff95cdd00d6d6c5c9a4f8f0eca
117,https://github.com/abrt/abrt/commit/7417505e1d93cc95ec648b74e3c801bc67aacb9f
118,https://github.com/abrt/abrt/commit/7d023c32a565e83306cddf34c894477b7aaf33d1
119,https://github.com/abrt/abrt/commit/8939398b82006ba1fec4ed491339fc075f43fc7c
120,https://github.com/abrt/libreport/commit/c962918bc70a61a8cc647898ee8b1ff1c14a87c5
121,https://github.com/torvalds/linux/commit/6b8d9117ccb4f81b1244aafa7bc70ef8fa45fc49
122,https://github.com/torvalds/linux/commit/db27ebb111e9f69efece08e4cb6a34ff980f8896
123,https://github.com/jabberd2/jabberd2/issues/85
124,https://github.com/jabberd2/jabberd2/issues/85
125,https://github.com/eclipse/jetty.project/blob/jetty-9.2.x/advisories/2015-02-24-httpparser-error-buffer-bleed.md
126,https://github.com/weidai11/cryptopp/commit/9425e16437439e68c7d96abef922167d68fafaff
127,https://github.com/a-v-k/phpBugTracker/issues/4
128,https://github.com/a-v-k/phpBugTracker/issues/4
129,https://github.com/a-v-k/phpBugTracker/issues/4
130,https://github.com/torvalds/linux/commit/af6fc858a35b90e89ea7a7ee58e66628c55c776b
131,https://github.com/netty/netty/pull/3754
132,https://github.com/slimphp/Slim/issues/1034
133,https://github.com/splitbrain/dokuwiki/commit/4970ad24ce49ec76a0ee67bca7594f918ced2f5f
134,https://github.com/splitbrain/dokuwiki/issues/1056
135,https://github.com/roundcube/roundcubemail/issues/4757
136,https://github.com/roundcube/roundcubemail/issues/4757
137,https://github.com/ZeusCart/zeuscart/issues/28
138,https://github.com/ZeusCart/zeuscart/issues/28
139,https://github.com/ZeusCart/zeuscart/issues/28
140,https://github.com/edx/configuration/pull/1885/files
141,https://github.com/phpmyadmin/phpmyadmin/commit/b2f1e895038a5700bf8e81fb9a5da36cbdea0eeb
142,https://github.com/Halamix2/MyUPB/blob/8b00a8f6ea999d22c22b081f4a144f51ec7225b0/changelog.txt
143,https://github.com/PHP-Outburst/myUPB/issues/17
144,https://github.com/edx/edx-platform/commit/a1ffcc52594b1e7240501aab0ea145f1da3edb5a
145,https://github.com/s9y/Serendipity/commit/a30886d3bb9d8eeb6698948864c77caaa982435d
146,https://github.com/kennethreitz/requests/commit/3bd8afbff29e50b38f889b2f688785a669b9aafc
147,https://github.com/ether/etherpad-lite/commit/a0fb65205c7d7ff95f00eb9fd88e93b300f30c3d
148,https://github.com/ether/etherpad-lite/releases/tag/1.5.2
149,https://github.com/libarchive/libarchive/commit/59357157706d47c365b2227739e17daba3607526
150,https://github.com/libarchive/libarchive/pull/110
151,https://github.com/capnproto/capnproto/blob/master/security-advisories/2015-03-02-0-c%2B%2B-integer-overflow.md
152,https://github.com/capnproto/capnproto/commit/f343f0dbd0a2e87f17cd74f14186ed73e3fbdbfa
153,https://github.com/capnproto/capnproto/blob/master/security-advisories/2015-03-02-1-c%2B%2B-integer-underflow.md
154,https://github.com/capnproto/capnproto/commit/26bcceda72372211063d62aab7e45665faa83633
155,https://github.com/capnproto/capnproto/blob/master/security-advisories/2015-03-02-2-all-cpu-amplification.md
156,https://github.com/capnproto/capnproto/commit/104870608fde3c698483fdef6b97f093fc15685d
157,https://github.com/capnproto/capnproto/blob/master/security-advisories/2015-03-05-0-c%2B%2B-addl-cpu-amplification.md
158,https://github.com/capnproto/capnproto/commit/80149744bdafa3ad4eedc83f8ab675e27baee868
159,https://github.com/mono/mono/commit/1509226c41d74194c146deb173e752b8d3cdeec4
160,https://github.com/mono/mono/commit/9c38772f094168d8bfd5bc73bf8925cd04faad10
161,https://github.com/mono/mono/commit/b371da6b2d68b4cdd0f21d6342af6c42794f998b
162,https://github.com/wp-plugins/photo-gallery/blob/master/readme.txt
163,https://raw.githubusercontent.com/woocommerce/woocommerce/master/CHANGELOG.txt
164,https://github.com/alkacon/opencms-core/issues/304
165,https://github.com/torvalds/linux/commit/f84598bd7c851f8b0bf8cd0d7c3be0d73c432ff4
166,https://github.com/torvalds/linux/commit/06c8173eb92bbfc03a0fe8bb64315857d0badd06
167,https://github.com/benoitc/restkit/issues/140
168,https://github.com/semplon/GeniXCMS/commit/698245488343396185b1b49e7482ee5b25541815
169,https://github.com/semplon/GeniXCMS/issues/7
170,https://github.com/semplon/GeniXCMS/commit/698245488343396185b1b49e7482ee5b25541815
171,https://github.com/semplon/GeniXCMS/issues/7
172,https://github.com/semplon/GeniXCMS/commit/698245488343396185b1b49e7482ee5b25541815
173,https://github.com/semplon/GeniXCMS/issues/7
174,https://github.com/torvalds/linux/commit/4de930efc23b92ddf88ce91c405ee645fe6e27ea
175,https://github.com/kzar/watchadblock/commit/5b77de6ea77e0eff2aa726d9722d64fb4964b985
176,https://github.com/krb5/krb5/commit/e3b5a5e5267818c97750b266df50b6a3d4649604
177,https://github.com/krb5/krb5/commit/b51b33f2bc5d1497ddf5bd107f791c101695000d
178,https://github.com/krb5/krb5/commit/e04f0283516e80d2f93366e0d479d13c9b5c8c2a
179,https://github.com/krb5/krb5/commit/f0c094a1b745d91ef2f9a4eae2149aac026a5789
180,https://github.com/krb5/krb5/commit/3db8dfec1ef50ddd78d6ba9503185995876a39fd
181,https://github.com/mozilla-b2g/gaia/commit/0f72a8c31df9f3d8f609a7c58ca91139051d44eb
182,https://github.com/quassel/quassel/commit/b5e38970ffd55e2dd9f706ce75af9a8d7730b1b8
183,https://github.com/quassel/quassel/commit/b5e38970ffd55e2dd9f706ce75af9a8d7730b1b8
184,https://github.com/rsantamaria/papercrop/blob/master/CHANGELOG.md
185,https://github.com/rsantamaria/papercrop/commit/b4ecd95debaf0a8712bd1d34def83f41fc6b3579
186,https://gist.github.com/smalyshev/eea9eafc7c88a4a6d10d
187,https://github.com/Project-Pier/ProjectPier-Core/commit/74ecbd4e939a65ba643a4af05fbdb1bb66992435
188,https://github.com/Project-Pier/ProjectPier-Core/issues/37
189,https://github.com/torvalds/linux/commit/956421fbb74c3a6261903f3836c0740187cf038b
190,https://github.com/kmatheussen/das_watchdog/commit/bd20bb02e75e2c0483832b52f2577253febfb690
191,https://github.com/serghey-rodin/vesta/commit/527e4a9a62204be9b34c1338fadfe959b0fd3974
192,https://github.com/orientechnologies/orientdb/issues/4824
193,https://github.com/orientechnologies/orientdb/commit/668ece96be210e742a4e2820a3085b215cf55104
194,https://github.com/torvalds/linux/commit/6fd99094de2b83d1d4c8457f2c83483b2828e75a
195,https://github.com/torvalds/linux/commit/397d425dc26da728396e66d392d5dcb8dac30c37
196,https://github.com/torvalds/linux/commit/cde93be45a8a90d8c264c776fab63487b5038a65
197,https://github.com/F21/jwt/commit/a327cf9052df8f9f97728ca0b5fa78a8231b79b6
198,https://github.com/thoughtbot/paperclip/commit/9aee4112f36058cd28d5fe4a006d6981bd1eda57
199,https://github.com/sysphonic/thetis/commit/1b8234706e1294f41df42f3d1ccb71b983ffbe23
200,https://github.com/sysphonic/thetis/commit/4ca3f5f486759660b87d7c146f1fdc11264f56eb
201,https://github.com/sysphonic/thetis/commit/8004ee0c384daae0b28478ff8193d1990c397f57
202,https://github.com/sysphonic/thetis/commit/842e44f0c2bd7d680430bb89a3bb78fd744961f9
203,https://github.com/sysphonic/thetis/commit/a61dc72035c7ae0b06f6d7dc8b2a848ffc7db277
204,https://github.com/sysphonic/thetis/commit/c07e255d2296d50a0bffafaf66a76f8f1b53621f
205,https://github.com/sysphonic/thetis/commit/ce535a38ec92ff0f98af11ab41a425d1529a31ef
206,https://github.com/sysphonic/thetis/commit/d9ed965075634ca1a095b480b459c68445ce951d
207,https://github.com/ceph/ceph-deploy/commit/eee56770393bf19ed2dd5389226c6190c08dee3f
208,https://github.com/ceph/ceph-deploy/pull/272
209,https://github.com/kogmbh/WebODF/blob/master/ChangeLog.md
210,https://github.com/kogmbh/WebODF/pull/849
211,https://github.com/kogmbh/WebODF/pull/850/files
212,https://github.com/the-tcpdump-group/tcpdump/commit/3ed82f4ed0095768529afc22b923c8f7171fff70
213,https://github.com/the-tcpdump-group/tcpdump/issues/446
214,https://github.com/abrt/abrt/commit/3746b7627218438ae7d781fc8b18a221454e9091
215,https://github.com/abrt/abrt/pull/955
216,https://github.com/abrt/abrt/commit/6e811d78e2719988ae291181f5b133af32ce62d8
217,https://github.com/abrt/abrt/commit/7814554e0827ece778ca88fd90832bd4d05520b1
218,https://github.com/abrt/abrt/commit/b7f8bd20b7fb5b72f003ae3fa647c1d75f4218b7
219,https://github.com/abrt/libreport/commit/1951e7282043dfe1268d492aea056b554baedb75
220,https://github.com/abrt/abrt/commit/7a47f57975be0d285a2f20758e4572dca6d9cdd3
221,https://github.com/abrt/abrt/commit/c796c76341ee846cfb897ed645bac211d7d0a932
222,https://github.com/abrt/abrt/commit/f3c2a6af3455b2882e28570e8a04f1c2d4500d5b
223,https://github.com/abrt/libreport/commit/239c4f7d1f47265526b39ad70106767d00805277
224,https://github.com/abrt/libreport/commit/54ecf8d017580b495d6501e53ca54e453a73a364
225,https://github.com/mysql/mysql-server/commit/3bd5589e1a5a93f9c224badf983cd65c45215390
226,https://github.com/theforeman/foreman/pull/2328
227,https://github.com/openstack/trove/blob/master/trove/guestagent/datastore/experimental/cassandra/service.py#L230
228,https://github.com/openstack/trove/blob/master/trove/guestagent/datastore/experimental/mongodb/service.py#L176
229,https://github.com/openstack/trove/blob/master/trove/guestagent/datastore/experimental/redis/service.py#L236
230,https://github.com/openstack/trove/blob/master/trove/guestagent/datastore/mysql/service.py#L790
231,https://github.com/openstack/trove/blob/master/trove/guestagent/strategies/backup/experimental/couchbase_impl.py#L30
232,https://github.com/openstack/trove/blob/master/trove/guestagent/strategies/backup/mysql_impl.py#L110
233,https://github.com/openstack/trove/blob/master/trove/guestagent/strategies/backup/mysql_impl.py#L36
234,https://github.com/openstack/trove/blob/master/trove/guestagent/strategies/backup/mysql_impl.py#L55
235,https://github.com/openstack/trove/blob/master/trove/guestagent/strategies/restore/mysql_impl.py#L194
236,https://github.com/picketlink/picketlink-bindings/pull/124
237,https://github.com/abrt/abrt/commit/9943a77bca37a0829ccd3784d1dfab37f8c24e7b
238,https://github.com/abrt/abrt/commit/9a4100678fea4d60ec93d35f4c5de2e9ad054f3a
239,https://github.com/sosreport/sos/commit/d7759d3ddae5fe99a340c88a1d370d65cfa73fd6
240,https://github.com/apache/httpd/commit/e427c41257957b57036d5a549b260b6185d1dd73
241,https://github.com/apache/httpd/commit/cd2b7a26c776b0754fb98426a67804fd48118708
242,https://gist.github.com/taviso/ecb70eb12d461dd85cba
243,https://github.com/apple/ccs-pykerberos/issues/31
244,https://github.com/apache/activemq-artemis/commit/48d9951d879e0c8cbb59d4b64ab59d53ef88310d
245,https://github.com/torvalds/linux/commit/2d45a02d0166caf2627fe91897c6ffc3b19514c4
246,https://github.com/torvalds/linux/commit/ee73f656a604d5aa9df86a97102e4e462dd79924
247,https://github.com/YanVugenfirer/kvm-guest-drivers-windows/commit/723416fa4210b7464b28eab89cc76252e6193ac1
248,https://github.com/YanVugenfirer/kvm-guest-drivers-windows/commit/fbfa4d1083ea84c5429992ca3e996d7d4fbc8238
249,https://github.com/trevp/tlslite/commit/aca8d4f898b436ff6754e1a9ab96cae976c8a853
250,https://github.com/ossec/ossec-hids/releases/tag/2.8.2
251,https://github.com/rails/web-console/blob/master/CHANGELOG.markdown
252,https://github.com/rack/rack/blob/master/HISTORY.md
253,https://github.com/openstack/ossa/blob/482576204dec96f580817b119e3166d71c757731/ossa/OSSA-2015-015.yaml
254,https://github.com/torvalds/linux/commit/6b7339f4c31ad69c8e9c0b2859276e22cf72176d
255,https://github.com/torvalds/linux/commit/9b6e6a8334d56354853f9c255d1395c2ba570e0a
256,https://github.com/torvalds/linux/commit/810bc075f78ff2c221536eb3008eac6a492dba2d
257,https://github.com/markdown-it/markdown-it/commit/f76d3beb46abd121892a2e2e5c78376354c214e3
258,https://github.com/julianlam/nodebb-plugin-markdown/commit/ab7f2684750882f7baefbfa31db8d5aac71e6ec3
259,https://github.com/ether/etherpad-lite/commit/9d4e5f6
260,https://github.com/ether/etherpad-lite/commit/0fa7650df8f940ed6b577d79836a78eb09726c4b
261,https://github.com/abrt/abrt/commit/17cb66b13997b0159b4253b3f5722db79f476d68
262,https://github.com/abrt/abrt/commit/4f2c1ddd3e3b81d2d5146b883115371f1cada9f9
263,https://github.com/abrt/abrt/commit/80408e9e24a1c10f85fd969e1853e0f192157f92
264,https://github.com/abrt/abrt/commit/d6e2f6f128cef4c21cb80941ae674c9842681aa7
265,https://github.com/torvalds/linux/commit/ccfe8c3f7e52ae83155cb038753f4c75b774ca8a
266,https://github.com/torvalds/linux/commit/8b01fc86b9f425899f8a3a8fc1c47d73c2c20543
267,https://github.com/yiisoft/yii2/blob/2.0.4/framework/CHANGELOG.md
268,https://github.com/FransUrbo/zfs/commit/99aa4d2b4fd12c6bef62d02ffd1b375ddd42fcf4
269,https://github.com/zfsonlinux/zfs/issues/3319
270,https://github.com/zfsonlinux/zfs/pull/2790/commits
271,https://github.com/audreyt/module-signature/commit/8a9164596fa5952d4fbcde5aa1c7d1c7bc85372f
272,https://github.com/audreyt/module-signature/commit/8a9164596fa5952d4fbcde5aa1c7d1c7bc85372f
273,https://github.com/audreyt/module-signature/commit/8a9164596fa5952d4fbcde5aa1c7d1c7bc85372f
274,https://github.com/audreyt/module-signature/commit/c41e8885b862b9fce2719449bc9336f0bea658ef
275,https://github.com/FFmpeg/FFmpeg/commit/e8714f6f93d1a32f4e4655209960afcf4c185214
276,https://github.com/Automattic/Genericons/commit/798ac98579dd72dfdb11bdee3e7bebf01cffb1f7
277,https://github.com/rest-client/rest-client/issues/349
278,https://github.com/VulcanJS/Vulcan/commit/827a15dc7422b2447f3a2e395b5e511379002ea4
279,https://github.com/VulcanJS/Vulcan/issues/838
280,https://github.com/Boonstra/Slideshow/commit/cac505e593cbe70a4d8af5b639f5385d4cc7aa04
281,https://github.com/torvalds/linux/commit/a134f083e79fb4c3d0a925691e732c56911b4326
282,https://github.com/tigris/open-uri-cached/blob/master/lib/open-uri/cached.rb#L115
283,https://github.com/tigris/open-uri-cached/blob/master/lib/open-uri/cached.rb#L25
284,https://github.com/tigris/open-uri-cached/blob/master/lib/open-uri/cached.rb#L39
285,https://github.com/CHEF-KOCH/Android-Vulnerabilities-Overview/blob/master/2015.md
286,https://huntcve.github.io/2017/02/13/cveupdate/
287,https://huntcve.github.io/2017/02/13/cveupdate/
288,https://github.com/phpbb/phpbb/commit/1a3350619f428d9d69d196c52128727e27ef2f04
289,https://github.com/LibRaw/LibRaw/commit/4606c28f494a750892c5c1ac7903e62dd1c6fdb5
290,https://github.com/rawstudio/rawstudio/commit/983bda1f0fa5fa86884381208274198a620f006e
291,https://github.com/gobby/gobby/issues/61
292,https://github.com/gobby/libinfinity/commit/c97f870f5ae13112988d9f8ad464b4f679903706
293,https://github.com/rofl0r/proxychains-ng/blob/v4.9/README#L56
294,https://github.com/rofl0r/proxychains-ng/commit/9ab7dbeb3baff67a51d0c5e71465c453be0890b5#diff-803c5170888b8642f2a97e5e9423d399
295,https://github.com/rofl0r/proxychains-ng/issues/60
296,https://github.com/phpmyadmin/phpmyadmin/commit/ee92eb9bab8e2d546756c1d4aec81ec7c8e44b83
297,https://github.com/phpmyadmin/phpmyadmin/commit/5ebc4daf131dd3bd646326267f3e765d0249bbb4
298,https://github.com/kohler/t1utils/blob/master/NEWS
299,https://github.com/kohler/t1utils/commit/6b9d1aafcb61a3663c883663eb19ccdbfcde8d33
300,https://github.com/kohler/t1utils/issues/4
301,https://github.com/semplon/GeniXCMS/releases/tag/v0.0.3-patch
302,https://github.com/Dolibarr/dolibarr/issues/2857
303,https://github.com/GPCsolutions/dolibarr/commit/a7f6bbd316e9b96216e9b2c7a065c9251c9a8907
304,https://github.com/AFNetworking/AFNetworking/issues/2619
305,https://github.com/AFNetworking/AFNetworking/releases/tag/2.5.3
306,https://github.com/torvalds/linux/commit/b1bb5b49373b61bf9d2c73a4d30058ba6f069e4c
307,https://github.com/torvalds/linux/commit/9a59029bc218b48eff8b5d4dde5662fd79d3e1a8
308,https://github.com/torvalds/linux/commit/d114b9fe78c8d6fc6e70808c2092aa307c36dc8e
309,https://github.com/torvalds/linux/commit/04bf464a5dfd9ade0dda918e44366c2c61fce80b
310,https://github.com/rubygems/rubygems/commit/5c7bfb5
311,https://github.com/torvalds/linux/commit/59c816c1f24df0204e01851431d3bab3eb76719c
312,https://github.com/pixelb/coreutils/commit/bea5e36cc876ed627bb5e0eca36fdfaa6465e940
313,https://github.com/pixelb/coreutils/commit/bea5e36cc876ed627bb5e0eca36fdfaa6465e940
314,https://github.com/pgbouncer/pgbouncer/commit/74d6e5f7de5ec736f71204b7b422af7380c19ac5
315,https://github.com/pgbouncer/pgbouncer/commit/edab5be6665b9e8de66c25ba527509b229468573
316,https://github.com/pgbouncer/pgbouncer/issues/42
317,https://pgbouncer.github.io/changelog.html#pgbouncer-15x
318,https://github.com/jborg/attic/commit/78f9ad1faba7193ca7f0acccbc13b1ff6ebf9072
319,https://github.com/jborg/attic/issues/271
320,https://github.com/ether/etherpad-lite/commit/5409eb314c4e072b9760b8d30b985fa0bb96a006
321,https://github.com/torvalds/linux/commit/23b133bdc452aa441fcb9b82cbf6dd05cfd342d0
322,https://github.com/torvalds/linux/commit/cf872776fc84128bb779ce2b83a37c884c3203ae
323,https://github.com/torvalds/linux/commit/e0c9c0afd2fc958ffa34b697972721d81df8a56f
324,https://github.com/torvalds/linux/commit/cd4a40174b71acd021877341684d8bb1dc8ea4ae
325,https://github.com/torvalds/linux/commit/820f9f147dcce2602eefd9b575bbbd9ea14f0953
326,http://benmmurphy.github.io/blog/2015/06/04/redis-eval-lua-sandbox-escape/
327,https://github.com/antirez/redis/commit/fdf9d455098f54f7666c702ae464e6ea21e25411
328,https://github.com/mongoid/moped/commit/dd5a7c14b5d2e466f7875d079af71ad19774609b#diff-3b93602f64c2fe46d38efd9f73ef5358R24
329,https://github.com/mongodb/bson-ruby/commit/976da329ff03ecdfca3030eb6efe3c85e6db9999
330,https://github.com/mongodb/bson-ruby/commit/fef6f75413511d653c76bf924a932374a183a24f#diff-8c8558c185bbb548ccb5a6d6ac4bfee5R191
331,https://github.com/mongodb/bson-ruby/compare/7446d7c6764dfda8dc4480ce16d5c023e74be5ca...28f34978a85b689a4480b4d343389bf4886522e7
332,https://github.com/mongoid/moped/commit/dd5a7c14b5d2e466f7875d079af71ad19774609b#diff-3b93602f64c2fe46d38efd9f73ef5358R24
333,https://github.com/mongodb/bson-ruby/commit/976da329ff03ecdfca3030eb6efe3c85e6db9999
334,https://github.com/mongodb/bson-ruby/compare/7446d7c6764dfda8dc4480ce16d5c023e74be5ca...28f34978a85b689a4480b4d343389bf4886522e7
335,https://github.com/pimcore/pimcore/commit/4f2a95f877d406a054f9f2253475fe58c76aa03d
336,https://github.com/pimcore/pimcore/commit/1c6692e8287deed7f3356b6a1e2e9b7fe4e858dd
337,https://github.com/owncloud/client/issues/3283
338,https://raw.githubusercontent.com/Siros96/CSRF/master/PoC
339,https://github.com/kyz/libmspack/commit/18b6a2cc0b87536015bedd4f7763e6b02d5aa4f3
340,https://github.com/bblanchon/ArduinoJson/blob/master/CHANGELOG.md
341,https://github.com/bblanchon/ArduinoJson/commit/5e7b9ec688d79e7b16ec7064e1d37e8481a31e72
342,https://github.com/bblanchon/ArduinoJson/pull/81
343,https://github.com/denkGroot/Spina/commit/bfe44f289e336f80b6593032679300c493735e75
344,https://github.com/delta/pragyan/issues/207
345,https://github.com/LimeSurvey/LimeSurvey/commit/b09edc0dbd18d8459ade4c7c941e562c16564f9e
346,https://github.com/LimeSurvey/LimeSurvey/commit/e15861a65b7028adfc23ef6af8563f645e318548
347,https://github.com/LimeSurvey/LimeSurvey/pull/331
348,https://github.com/nowsecure/samsung-ime-rce-poc/
349,https://github.com/nowsecure/samsung-ime-rce-poc/
350,https://github.com/devttys0/sasquatch/pull/5
351,https://github.com/plougher/squashfs-tools/commit/f95864afe8833fe3ad782d714b41378e860977b1
352,https://github.com/plougher/squashfs-tools/commit/f95864afe8833fe3ad782d714b41378e860977b1
353,https://github.com/opencart/opencart/commit/303fa88fe664ded4bf8753b997abd916f0a3c03f
354,https://github.com/opencart/opencart/releases/tag/2.1.0.2
355,https://github.com/torvalds/linux/commit/ce40cd3fc7fa40a6119e5fe6c0f2bc0eb4541009
356,https://github.com/torvalds/linux/commit/3f7352bf21f8fd7ba3e2fcef9488756f188e12be
357,https://github.com/ipython/ipython/commit/7222bd53ad089a65fd610fab4626f9d0ab47dfce
358,https://github.com/ipython/ipython/commit/c2078a53543ed502efd968649fee1125e0eb549c
359,https://github.com/ipython/ipython/commit/7222bd53ad089a65fd610fab4626f9d0ab47dfce
360,https://github.com/ipython/ipython/commit/c2078a53543ed502efd968649fee1125e0eb549c
361,https://github.com/owncloud/core/commit/bf0f1a50926a75a26a42a3da4d62e84a489ee77a
362,https://github.com/foxglovesec/JavaUnserializeExploits/blob/master/weblogic.py
363,https://github.com/mantisbt/mantisbt/commit/a4be76d6e5c4939545d84712c79d3f8f4a108c4f
364,https://github.com/mantisbt/mantisbt/commit/f39cf5251953b468e9d921e1cf2aca3abdb00772
365,http://github.com/anchorcms/anchor-cms/issues/875
366,https://github.com/semplon/GeniXCMS/releases/tag/v0.0.4
367,https://github.com/wesnoth/wesnoth/commit/f8914468182e8d0a1551b430c0879ba236fe4d6d
368,https://github.com/wesnoth/wesnoth/releases/tag/1.12.3
369,https://github.com/wesnoth/wesnoth/releases/tag/1.13.1
370,https://github.com/wesnoth/wesnoth/commit/b2738ffb2fdd2550ececb74f76f75583c43c8b59
371,https://github.com/wesnoth/wesnoth/releases/tag/1.12.4
372,https://github.com/wesnoth/wesnoth/releases/tag/1.13.1
373,https://github.com/X2Engine/X2CRM/commit/10b72bfe7a1b9694f19a0adef72d85a754d4d3f8#diff-26a90fcab2707d6ef509fccb3588790f
374,https://github.com/X2Engine/X2CRM/commit/10b72bfe7a1b9694f19a0adef72d85a754d4d3f8
375,https://github.com/LimeSurvey/LimeSurvey/commit/65d717415a271242b9a30a5330d4eabac1c1a837
376,https://github.com/divio/django-cms/commit/f77cbc607d6e2a62e63287d37ad320109a2cc78a
377,https://github.com/vmg/redcarpet/blob/master/CHANGELOG.md
378,https://github.com/torvalds/linux/commit/48900cb6af4282fa0fb6ff4d72a81aa3dadb5c39
379,https://github.com/torvalds/linux/commit/9b6e6a8334d56354853f9c255d1395c2ba570e0a
380,https://github.com/latchset/kdcproxy/commit/f274aa6787cb8b3ec1cc12c440a56665b7231882
381,https://github.com/ntp-project/ntp/commit/553f2fa65865c31c5e3c48812cfd46176cffdd27
382,https://github.com/ntp-project/ntp/commit/52e977d79a0c4ace997e5c74af429844da2f27be
383,https://github.com/kerolasa/lelux-utiliteetit/commit/70e3fcf293c1827a2655a86584ab13075124a8a8
384,https://github.com/kerolasa/lelux-utiliteetit/commit/d883d64d96ab9bef510745d064a351145b9babec
385,https://github.com/ntp-project/ntp/commit/5f295cd05c3c136d39f5b3e500a2d781bdbb59c8
386,https://github.com/mdadams/jasper/commit/df5d2867e8004e51e18b89865bc4aa69229227b3
387,https://github.com/karelzak/util-linux/commit/bde91c85bdc77975155058276f99d2e0f5eab5a9
388,https://github.com/01org/opa-ff/commit/080ab97461d80a01636f77ba6aecc667c3c0087c
389,https://github.com/01org/opa-fm/commit/5f4087aabb5d03c42738b320af0fc60e9df4d1f7
390,https://github.com/01org/opa-fm/commit/c5759e7b76f5bf844be6c6641cc1b356bbc83869
391,https://github.com/google/protobuf/issues/760
392,https://github.com/qemu/qemu/commit/f9a70e79391f6d7c2a912d785239ee8effc1922d
393,https://github.com/Gemorroj/phpwhois/commit/91c937e03c876ba1290b6de2a3ad953d2105fdd0
394,https://github.com/jsmitty12/phpWhois/blob/master/CHANGELOG.md
395,https://github.com/jsmitty12/phpWhois/issues/19
396,https://github.com/sbaresearch/advisories/tree/public/2018/SBA-ADV-20180425-01_phpWhois_Code_Execution
397,https://github.com/sparc/phpWhois.org/commit/5cc572490c9053d46598ec9348a11e36a5a33a46#diff-f150ae17da7341bf6c2eff928684b3a3
398,https://github.com/openshift/origin/issues/4374
399,https://github.com/torvalds/linux/commit/cbb4be652d374f64661137756b8f357a1827d6a4
400,https://github.com/pulp/pulp/blob/aa432bf58497b5e3682333b1d5f5ae4f45788a61/client_consumer/pulp/client/consumer/cli.py#L103
401,https://github.com/pulp/pulp/commit/b542d7465f7e6e02e1ea1aec059ac607a65cefe7#diff-17110211f89c042a9267e2167dedd754
402,https://github.com/abrt/abrt/commit/50ee8130fb4cd4ef1af7682a2c85dd99cb99424e
403,https://github.com/theforeman/foreman/commit/4f3555b217be8723e8045f9816d147b5f684ec57
404,https://github.com/torvalds/linux/commit/8e2d61e0aed2b7c4ecb35844fe07e0b2b762dee4
405,https://github.com/abrt/abrt/commit/3c1b60cfa62d39e5fff5a53a5bc53dae189e740e
406,https://github.com/skyhighwings/CVE-2015-5290
407,https://github.com/abrt/libreport/commit/257578a23d1537a2d235aaa2b1488ee4f818e360
408,https://github.com/torvalds/linux/commit/54a20552e1eae07aa240fa370a0293e006b5faed
409,https://github.com/GetSimpleCMS/GetSimpleCMS/issues/1046
410,https://github.com/GetSimpleCMS/GetSimpleCMS/releases/tag/v3.3.6
411,https://github.com/GetSimpleCMS/GetSimpleCMS/commit/cb1845743bd11ba74a49b6b522c080df86a17d51
412,https://github.com/GetSimpleCMS/GetSimpleCMS/issues/1059
413,https://github.com/GetSimpleCMS/GetSimpleCMS/releases/tag/v3.3.6
414,https://github.com/torvalds/linux/commit/beb39db59d14990e401e235faf66a6b9b31240b0
415,https://github.com/torvalds/linux/commit/beb39db59d14990e401e235faf66a6b9b31240b0
416,https://github.com/elastic/elasticsearch/commit/bf3052d14c874aead7da8855c5fcadf5428a43f2
417,https://github.com/joyent/node/issues/25583
418,https://github.com/roundcube/roundcubemail/commit/b782815dacda55eee6793249b5da1789256206fc
419,https://github.com/roundcube/roundcubemail/issues/4837
420,https://github.com/roundcube/roundcubemail/commit/6ccd4c54bcc4cb77365defabe8bbe7d10b2620d4
421,https://github.com/roundcube/roundcubemail/commit/e84fafcec22e7b460db03248dc23ed6b053b15c9
422,https://github.com/roundcube/roundcubemail/issues/4817
423,https://github.com/roundcube/roundcubemail/commit/012555c1cef35601b543cde67bff8726de97eb39
424,https://github.com/roundcube/roundcubemail/issues/4816
425,https://github.com/inverse-inc/sogo/commit/582baf2960969c73f98643e46cfb49432c30b711
426,https://github.com/NucleusCMS/NucleusCMS/issues/83
427,https://github.com/security-breachlock/CVE-2015-5454/blob/master/nucleus.pdf
428,https://github.com/Snorby/snorby/commit/89d7cbcd3697c8a842f1a61b99e9a78f295798fb
429,https://github.com/Snorby/snorby/issues/377
430,https://github.com/htacg/tidy-html5/issues/217
431,https://github.com/htacg/tidy-html5/issues/217#issuecomment-108565501
432,https://github.com/strangerstudios/paid-memberships-pro/commit/add03e3ed90e9163e5a46e20e6c371a87ff5a677
433,https://github.com/ipython/ipython/commit/1415a9710407e7c14900531813c15ba6165f0816
434,https://github.com/ipython/ipython/commit/a05fe052a18810e92d9be8c1185952c13fe4e5b0
435,https://github.com/octobercms/october/commit/8a4ac533e5cd6b8f92e9ef19fbfbb2f505dc7a9a
436,https://github.com/octobercms/october/issues/1302
437,https://github.com/octobercms/october/commit/8a4ac533e5cd6b8f92e9ef19fbfbb2f505dc7a9a
438,https://github.com/octobercms/october/issues/1302
439,https://github.com/NaCl-Ltd/pref-shimane-cms/blob/master/README.md
440,https://github.com/NaCl-Ltd/pref-shimane-cms/commit/5ec03cb174513844c410ee7fba594c544ba80ce2
441,https://github.com/NaCl-Ltd/pref-shimane-cms/commit/ab96ec7661f15a0129940eed9215c91f1acbf564
442,https://github.com/isucon/isucon5-qualify/commit/150e3e6d851acb31a0b15ce93380a7dab14203fa
443,https://github.com/isucon/isucon5-qualify/pull/5
444,https://pierrekim.github.io/blog/2016-01-15-cve-2015-5677-freebsd-bsnmpd.html
445,https://github.com/bittorrent/bootstrap-dht/commit/e809ea80e3527e32c40756eddd8b2ae44bc3af1a
446,https://github.com/anchorcms/anchor-cms/pull/904
447,https://github.com/geddy/geddy/commit/2de63b68b3aa6c08848f261ace550a37959ef231
448,https://github.com/geddy/geddy/issues/697
449,https://github.com/geddy/geddy/pull/699
450,https://github.com/geddy/geddy/releases/tag/v13.0.8
451,https://github.com/torvalds/linux/commit/b6878d9e03043695dbf3fa1caa6dfc09db225b16
452,https://github.com/torvalds/linux/commit/f15133df088ecadd141ea1907f2c96df67c729f0
453,https://github.com/torvalds/linux/commit/451a2886b6bf90e2fb378f7c46c655450fb96e81
454,https://github.com/torvalds/linux/commit/fdc81f45e9f57858da6351836507fbcf1b7583ee
455,https://github.com/WordPress/WordPress/commit/f72b21af23da6b6d54208e5c1d65ececdaa109c8
456,https://github.com/WordPress/WordPress/commit/9c57f3a4291f2311ae05f22c10eedeb0f69337ab
457,https://github.com/MISP/MISP/commit/27cc167c3355ec76292235d7f5f4e0016bfd7699
458,https://github.com/MISP/MISP/commit/812ac878c3645c02e2a599287117418424cbd4cf
459,https://github.com/MISP/MISP/commit/415d85102d5aa5f96f4f11a17c86b59bb9cc0d56
460,https://github.com/bcit-ci/CodeIgniter/commit/0dde92def6b9f276f05ff77abb07ead318f9ec23
461,https://github.com/bcit-ci/CodeIgniter/issues/4020
462,https://github.com/golang/go/commit/117ddcb83d7f42d6aa72241240af99ded81118e9
463,https://github.com/golang/go/commit/300d9a21583e7cf0149a778a0611e76ff7c6680f
464,https://github.com/golang/go/commit/300d9a21583e7cf0149a778a0611e76ff7c6680f
465,https://github.com/qemu/qemu/commit/7882080388be5088e72c425b02223c02e6cb4295
466,https://github.com/salesagility/SuiteCRM/commit/b1b3fd61c7697ad2073cd253d31c9462929e7bb5
467,https://github.com/salesagility/SuiteCRM/issues/333
468,https://github.com/XiphosResearch/exploits/tree/master/suiteshell
469,https://github.com/salesagility/SuiteCRM/commit/b1b3fd61c7697ad2073cd253d31c9462929e7bb5
470,https://github.com/salesagility/SuiteCRM/issues/333
471,https://github.com/XiphosResearch/exploits/tree/master/suiteshell
472,https://github.com/Froxlor/Froxlor/commit/8558533a9148a2a0302c9c177abff8e4e4075b92
473,https://github.com/miniupnp/miniupnp/blob/master/miniupnpc/Changelog.txt
474,https://github.com/miniupnp/miniupnp/commit/79cca974a4c2ab1199786732a67ff6d898051b78
475,https://github.com/ansible/ansible/commit/952166f48eb0f5797b75b160fd156bbe1e8fc647
476,https://github.com/ansible/ansible/commit/ca2f2c4ebd7b5e097eab0a710f79c1f63badf95b
477,https://github.com/claviska/simple-php-captcha/commit/9d65a945029c7be7bb6bc893759e74c5636be694
478,https://github.com/claviska/simple-php-captcha/issues/16
479,https://github.com/torvalds/linux/commit/7932c0bd7740f4cd2aa168d3ce0199e7af7d72d5
480,https://github.com/bestpractical/rt/commit/36a461947b00b105336adb4997d
481,https://github.com/tillkamppeter/ippusbxd/commit/46844402bca7a38fc224483ba6f0a93c4613203f
482,https://github.com/atutor/ATutor/issues/103
483,https://github.com/torvalds/linux/commit/9a5cbce421a283e6aea3c4007f141735bf9da8c3
484,https://github.com/wgm/cerb/commit/12de87ff9961a4f3ad2946c8f47dd0c260607144
485,https://github.com/openssh/openssh-portable/commit/d4697fe9a28dab7255c60433e4dd23cf7fce8a8b
486,https://github.com/openssh/openssh-portable/commit/5e75f5198769056089fb06c4d738ab0e5abc66f7
487,https://github.com/wolfcms/wolfcms/commit/2160275b60736f706dfda132c7c46728c5b255fa
488,https://github.com/wolfcms/wolfcms/issues/625
489,https://github.com/wolfcms/wolfcms/releases/tag/0.8.3.1
490,https://github.com/wolfcms/wolfcms/commit/2160275b60736f706dfda132c7c46728c5b255fa
491,https://github.com/wolfcms/wolfcms/issues/625
492,https://github.com/wolfcms/wolfcms/releases/tag/0.8.3.1
493,https://github.com/floodlight/floodlight/pull/563
494,https://github.com/edx/edx-platform/pull/9471
495,https://github.com/wikimedia/mediawiki/commit/5faabfa1bbf65536ea36108887040198afcb3c82
496,https://github.com/jhy/jsoup/pull/582
497,https://github.com/googlei18n/sfntly/commit/de776d4ef06ca29c240de3444348894f032b03ff
498,https://github.com/bedita/bedita/issues/623
499,https://github.com/ganglia/ganglia-web/issues/267
500,https://github.com/pgbouncer/pgbouncer/commit/7ca3e5279d05fceb1e8a043c6f5b6f58dea3ed38
501,https://github.com/pgbouncer/pgbouncer/issues/69
502,https://pgbouncer.github.io/2015/09/pgbouncer-1-6-1
503,https://github.com/phpmyadmin/phpmyadmin/commit/785f4e2711848eb8945894199d5870253a88584e
504,https://github.com/saltstack/salt/commit/28aa9b105804ff433d8f663b2f9b804f2b75495a
505,https://github.com/IAIK/wolfSSL-DoS
506,https://github.com/torvalds/linux/commit/74e98eb085889b0d2d4908f59f6e00026063014f
507,https://github.com/ipython/ipython/commit/3ab41641cf6fce3860c73d5cf4645aa12e1e5892
508,https://github.com/jupyter/notebook/commit/35f32dd2da804d108a3a3585b69ec3295b2677ed
509,https://github.com/jupyter/notebook/commit/dd9876381f0ef09873d8c5f6f2063269172331e3
510,https://github.com/twangboy/salt/commit/c0689e32154c41f59840ae10ffc5fbfa30618710
511,https://github.com/web2py/web2py/commit/e31a099cb3456fef471886339653430ae59056b0
512,https://github.com/web2py/web2py/issues/731
513,https://github.com/git/git/blob/master/Documentation/RelNotes/2.5.4.txt
514,https://github.com/w3c/resource-timing/issues/29
515,https://github.com/whatwg/html/issues/164
516,https://github.com/whatwg/html/pull/166
517,https://github.com/tinfoil/devise-two-factor/blob/master/UPGRADING.md
518,https://github.com/tinfoil/devise-two-factor/issues/45#issuecomment-139335608
519,https://github.com/0xAdrian/scripts/blob/master/2015_7254_exploit.py
520,https://github.com/sec-consult/houseofkeys/search?p=3&q=zte&type=&utf8=%E2%9C%93
521,https://marcograss.github.io/security/android/cve/2016/01/15/cve-2015-7292-amazon-kernel-stack-buffer-overflow.html
522,https://github.com/vesse/node-ldapauth-fork/commit/3feea43e243698bcaeffa904a7324f4d96df60e4
523,https://github.com/vesse/node-ldapauth-fork/issues/21
524,https://github.com/gollum/gollum/commit/ce68a88293ce3b18c261312392ad33a88bb69ea1
525,https://github.com/gollum/gollum/issues/1070
526,https://github.com/zopefoundation/Products.CMFCore/commit/e1d981bfa14b664317285f0f36498f4be4a23406
527,https://github.com/plone/Products.CMFPlone/commit/3da710a2cd68587f0bf34f2e7ea1167d6eeee087
528,https://github.com/miltonio/milton2/commit/5f81b0c48a817d4337d8b0e99ea0b4744ecd720b
529,https://github.com/miltonio/milton2/commit/b41072b
530,https://github.com/miltonio/milton2/commit/b5851c1
531,https://github.com/ipython/ipython/commit/0a8096adf165e2465550bd5893d7e352544e5967
532,https://github.com/jupyter/notebook/commit/9e63dd89b603dfbe3a7e774d8a962ee0fa30c0b5
533,https://github.com/zTree/zTree_v3/commit/b8fb6551e9b970ad37134af0562ffabe24a7672d
534,https://github.com/revive-adserver/revive-adserver/commit/288f81cc
535,https://github.com/revive-adserver/revive-adserver/commit/15aac363
536,https://github.com/revive-adserver/revive-adserver/commit/86b623f8
537,https://github.com/GTSolutions/Pie-Register/blob/2.0.19/readme.txt
538,https://github.com/nodejs/node/issues/3138
539,https://github.com/torvalds/linux/commit/c9b92530a723ac5ef8e352885a1862b18f31b2f5
540,https://github.com/keszybz/systemd/commit/cb31827d62066a04b02111df3052949fda4b6888
541,https://github.com/systemd/systemd/issues/2002
542,https://github.com/torvalds/linux/commit/0185604c2d82c560dab2f2933a18f797e74ab5a8
543,https://github.com/torvalds/linux/commit/8e20cf2bce122ce9262d6034ee5d5b76fbb92f96
544,https://github.com/phusion/passenger/commit/ddb8ecc4ebf260e4967f57f271d4f5761abeac3e
545,https://github.com/kubernetes/kubernetes/pull/17886
546,https://github.com/kubernetes/kubernetes/releases/tag/v1.2.0-alpha.5
547,https://github.com/openshift/origin/pull/6113
548,https://github.com/sosreport/sos/issues/696
549,https://github.com/quadule/colorscore/commit/570b5e854cecddd44d2047c44126aed951b61718
550,https://github.com/git/git/blob/master/Documentation/RelNotes/2.3.10.txt
551,https://github.com/git/git/blob/master/Documentation/RelNotes/2.4.10.txt
552,https://github.com/git/git/blob/master/Documentation/RelNotes/2.5.4.txt
553,https://github.com/git/git/blob/master/Documentation/RelNotes/2.6.1.txt
554,https://github.com/torvalds/linux/commit/b4a1b4f5047e4f54e194681125c74c0aa64d637d
555,https://github.com/ruby/ruby/commit/339e11a7f178312d937b7c95dd3115ce7236597a
556,https://github.com/kubernetes/kubernetes/pull/18909
557,https://github.com/nilsteampassnet/TeamPass/pull/1140
558,https://github.com/nilsteampassnet/TeamPass/pull/1140
559,https://github.com/nilsteampassnet/TeamPass/pull/1140
560,https://github.com/torvalds/linux/commit/cb3232138e37129e88240a98a1d2aba2187ff57c
561,https://github.com/rails/rails-html-sanitizer/commit/297161e29a3e11186ce4c02bf7defc088bf544d4
562,https://github.com/rails/rails-html-sanitizer/commit/49dfc1584c5b8e35a4ffabf8356ba3df025e8d3f
563,https://github.com/rails/rails-html-sanitizer/commit/63903b0eaa6d2a4e1c91bc86008256c4c8335e78
564,https://github.com/torvalds/linux/commit/b9a532277938798b53178d5a66af6e2915cb27cf
565,https://github.com/centreon/centreon/pull/6637
566,https://github.com/centreon/centreon/pull/6953
567,https://github.com/GTSolutions/Pie-Register/blob/2.0.19/readme.txt
568,https://github.com/icewind1991/SMB/commit/33ab10cc4d5c3e48cba3a074b5f9fc67590cd032
569,https://github.com/owncloud/core/pull/18558
570,https://github.com/ccrisan/motioneyeos/blob/master/package/audiofile/0008-CVE-2015-7747.patch
571,https://github.com/hdm/juniper-cve-2015-7755
572,https://github.com/hdm/juniper-cve-2015-7755
573,https://github.com/kvesteri/sqlalchemy-utils/issues/166
574,https://github.com/Netflix/lemur/issues/117
575,https://github.com/josephernest/void/commit/84b9615ae7fe233c40a80bf749085caaef6f4919
576,https://github.com/fabpot/Twig/commit/30be07759a3de2558da5224f127d052ecf492e8f
577,https://github.com/twigphp/Twig/pull/1759
578,https://github.com/QubesOS/qubes-secpack/blob/master/QSBs/qsb-022-2015.txt
579,https://github.com/mjg59/linux/commit/4b2b64d5a6ebc84214755ebccd599baef7c1b798
580,https://github.com/torvalds/linux/commit/ce1fad2740c648a4340f6f6c391a8a83769d2e8c
581,https://github.com/torvalds/linux/commit/f05819df10d7b09f6d1eb6f8534a8f68e5a4fe61
582,https://github.com/phpmyadmin/phpmyadmin/commit/cd097656758f981f80fb9029c7d6b4294582b706
583,https://github.com/torvalds/linux/commit/eda98796aff0d9bf41094b06811f5def3b4c333c
584,https://github.com/torvalds/linux/commit/4b6184336ebb5c8dc1eae7f7ab46ee608a748b05
585,https://github.com/WordPress/WordPress/commit/f91a5fd10ea7245e5b41e288624819a37adf290a
586,https://github.com/torvalds/linux/commit/8c7188b23474cca017b3ef354c4a58456f68303a
587,https://github.com/Icinga/icinga-core/issues/1563
588,https://github.com/vincentbernat/lldpd/commit/dd4f16e7e816f2165fba76e3d162cd8d2978dcb2
589,https://github.com/vincentbernat/lldpd/commit/793526f8884455f43daecd0a2c46772388417a00
590,https://github.com/vincentbernat/lldpd/commit/9221b5c249f9e4843f77c7f888d5705348d179c0
591,https://github.com/openpgpjs/openpgpjs/commit/668a9bbe7033f3f475576209305eb57a54306d29
592,https://github.com/relan/exfat/commit/2e86ae5f81da11f11673d0546efb525af02b7786
593,https://github.com/relan/exfat/issues/5
594,https://github.com/textpattern/textpattern/blob/f94c3fb9916ee0c7fa4a52025fa4e8c3273e355b/HISTORY.txt
595,https://github.com/textpattern/textpattern/commit/950d9e0e4ee46efa41e791eac6cd55d2f558c3c9
596,https://github.com/textpattern/textpattern/blob/f94c3fb9916ee0c7fa4a52025fa4e8c3273e355b/HISTORY.txt
597,https://github.com/textpattern/textpattern/commit/1c09094187b9aeb18f09697bc7d1db12d078ae10
598,https://github.com/antirez/redis/issues/2855
599,https://raw.githubusercontent.com/antirez/redis/2.8/00-RELEASENOTES
600,https://raw.githubusercontent.com/antirez/redis/3.0/00-RELEASENOTES
601,http://cloudera.github.io/hue/latest/release-notes/release-notes-3.10.0.html
602,https://github.com/cloudera/hue/pull/346
603,https://github.com/torvalds/linux/commit/cbdb967af3d54993f5814f1cee0ed311a055377d
604,http://trac.roundcube.net/changeset/dd7db2179/github
605,https://github.com/django/django/commit/316bc3fc9437c5960c24baceb93c73f1939711e4
606,https://github.com/torvalds/linux/commit/77751427a1ff25b27d47a4c36b12c3c8667855ac
607,https://github.com/lxc/lxd/issues/1307
608,https://github.com/sbaresearch/advisories/tree/public/2015/RXTEC_20150513
609,https://github.com/sbaresearch/advisories/tree/public/2015/knAx_20150101
610,https://github.com/sbaresearch/advisories/tree/public/2015/Polycom_20150513
611,https://github.com/devsnd/cherrymusic/commit/62dec34a1ea0741400dd6b6c660d303dcd651e86
612,https://github.com/devsnd/cherrymusic/issues/598
613,https://github.com/devsnd/cherrymusic/commit/62dec34a1ea0741400dd6b6c660d303dcd651e86
614,https://github.com/devsnd/cherrymusic/issues/598
615,https://github.com/torvalds/linux/commit/744692dc059845b2a3022119871846e74d4f6e11
616,https://github.com/mtrmac/IPTables-Parse/commit/b400b976d81140f6971132e94eb7657b5b0a2b87
617,https://github.com/redmine/redmine/commit/c096dde88ff02872ba35edc4dc403c80a7867b5c
618,https://github.com/torvalds/linux/commit/0305cd5f7fca85dae392b9ba85b116896eb7c1c7
619,https://gist.github.com/bscarvell/57f82000bf823071404e
620,https://github.com/php-fusion/PHP-Fusion/commit/f1a5fce791e2392d5a23a6d62ab65c481cdd6a66
621,https://github.com/cakephp/cakephp/commit/0f818a23a876c01429196bf7623e1e94a50230f0
622,https://github.com/shellinabox/shellinabox/issues/355
623,https://github.com/shellinabox/shellinabox/releases/tag/v2.19
624,https://github.com/openstack/swift3/blob/master/CHANGELOG
625,https://github.com/redmine/redmine/commit/8d8f612fa368a72c56b63f7ce6b7e98cab9feb22
626,https://github.com/redmine/redmine/commit/032f2c9be6520d9d1a1608aa4f1d5d1f184f2472
627,https://github.com/PHPMailer/PHPMailer/commit/6687a96a18b8f12148881e4ddde795ae477284b0
628,https://github.com/PHPMailer/PHPMailer/releases/tag/v5.2.14
629,https://github.com/redmine/redmine/commit/7e423fb4538247d59e01958c48b491f196a1de56
630,https://github.com/torvalds/linux/commit/096fe9eaea40a17e125569f9e657e34cdb6d73bd
631,https://github.com/torvalds/linux/commit/79462ad02e861803b3840cc782248c7359451cd9
632,https://github.com/quassel/quassel/commit/b8edbda019eeb99da8663193e224efc9d1265dc7
633,https://github.com/quassel/quassel/pull/153
634,https://github.com/hydralabs/pyamf/pull/58
635,https://github.com/hydralabs/pyamf/releases/tag/v0.8.0
636,https://github.com/chef/chef/issues/3871
637,https://github.com/torvalds/linux/commit/09ccfd238e5a0e670d8178cf50180ea81ae09ae1
638,https://github.com/torvalds/linux/commit/5233252fce714053f0151680933571a2da9cbfb4
639,https://github.com/blueman-project/blueman/issues/416
640,https://github.com/blueman-project/blueman/releases/tag/2.0.3
641,https://github.com/php/php-src/commit/b101a6bbd4f2181c360bd38e7683df4a03cba83e
642,https://github.com/golang/go/issues/13515
643,https://github.com/krb5/krb5/commit/df17a1224a3406f57477bcd372c61e04c0e5a5bb
644,https://github.com/krb5/krb5/commit/b863de7fbf080b15e347a736fdda0a82d42f4f6b
645,https://github.com/krb5/krb5/commit/83ed75feba32e46f736fcce0d96a0445f29b96c2
646,https://github.com/torvalds/linux/commit/acff81ec2c79492b180fade3c2894425cd35a545
647,https://github.com/phpmyadmin/phpmyadmin/commit/c4d649325b25139d7c097e56e2e46cc7187fae45
648,https://github.com/Dolibarr/dolibarr/issues/4291
649,https://github.com/GPCsolutions/dolibarr/commit/0d3181324c816bdf664ca5e1548dfe8eb05c54f8
650,https://github.com/inspircd/inspircd/commit/6058483d9fbc1b904d5ae7cfea47bfcde5c5b559
651,https://github.com/inspircd/inspircd/issues/1033
652,https://github.com/torvalds/linux/commit/18e3b739fdc826481c6a1335ce0c5b19b3d415da
653,https://github.com/Kozea/Radicale/pull/343
654,https://github.com/Unrud/Radicale/commit/bcaf452e516c02c9bed584a73736431c5e8831f1
655,https://github.com/Kozea/Radicale/pull/341
656,https://github.com/Unrud/Radicale/commit/4bfe7c9f7991d534c8b9fbe153af9d341f925f98
657,https://github.com/tomhughes/libdwarf/commit/11750a2838e52953013e3114ef27b3c7b1780697
658,https://github.com/symphonycms/symphony-2/commit/651e150091c61fb60ad1dff2bc2166185a83d9d6
659,https://github.com/torvalds/linux/commit/635682a14427d241bab7bbdeebb48a7d7b91638e
660,http://trac.roundcube.net/changeset/10e5192a2b/github
661,https://github.com/gosa-project/gosa-core/commit/a67a047cba2cdae8bccb0f0e2bc6d3eb45cfcbc8
662,https://github.com/ud2/advisories/tree/master/android/samsung/nocve-2015-0001
663,https://github.com/vadz/libtiff/commit/b18012dae552f85dcc5c57d3bf4e997a15b1cc1c
664,https://github.com/torvalds/linux/commit/3ca8138f014a913f98e6ef40e939868e1e9ea876
665,https://github.com/rabbitmq/rabbitmq-management/issues/97
666,https://github.com/rabbitmq/rabbitmq-server/releases/tag/rabbitmq_v3_6_1
667,https://github.com/torvalds/linux/commit/94f9cd81436c85d8c3a318ba92e236ede73752fc
668,https://github.com/Matroska-Org/libebml/blob/release-1.3.3/ChangeLog
669,https://github.com/Matroska-Org/libebml/commit/88409e2a94dd3b40ff81d08bf6d92f486d036b24
670,https://github.com/Matroska-Org/libebml/blob/release-1.3.3/ChangeLog
671,https://github.com/Matroska-Org/libebml/commit/ababb64e0c792ad2a314245233db0833ba12036b
672,https://github.com/Matroska-Org/libebml/blob/release-1.3.3/ChangeLog
673,https://github.com/Matroska-Org/libebml/commit/24e5cd7c666b1ddd85619d60486db0a5481c1b90
674,https://github.com/Matroska-Org/libmatroska/blob/release-1.4.4/ChangeLog
675,https://github.com/Matroska-Org/libmatroska/commit/0a2d3e3644a7453b6513db2f9bc270f77943573f
676,http://trac.roundcube.net/changeset/6ccd4c54b/github
677,http://trac.roundcube.net/changeset/e84fafcec/github
678,https://github.com/horde/horde/blob/e838d4c800b0d1ecaf8b4cc613fd3af4f994c79c/bundles/webmail/docs/CHANGES
679,https://github.com/horde/horde/commit/11d74fa5a22fe626c5e5a010b703cd46a136f253
680,https://github.com/torvalds/linux/commit/67f1aee6f45059fd6b0f5b0ecb2c97ad0451f6b3
681,https://github.com/umbraco/Umbraco-CMS/commit/924a016ffe7ae7ea6d516c07a7852f0095eddbce
682,https://github.com/umbraco/Umbraco-CMS/commit/18c3345e47663a358a042652e697b988d6a380eb
683,https://github.com/torvalds/linux/commit/e50293ef9775c5f1cf3fcc093037dd6a8c5684ea
684,https://github.com/torvalds/linux/commit/4c185ce06dca14f5cea192f5a2c981ef50663f2b
685,https://github.com/torvalds/linux/commit/c4f4b82694fe48b02f7a881a1797131a6dad1364
686,https://github.com/torvalds/linux/commit/ea3d7209ca01da209cda6f0dea8be9cc4b7a933b
687,https://github.com/systemd/systemd/commit/afae249efa4774c6676738ac5de6aeb4daf4889f
688,https://github.com/torvalds/linux/commit/d2b9d2a5ad5ef04ff978c9923d19730cb05efd55
689,https://github.com/torvalds/linux/commit/7f821fc9c77a9b01fe7b1d6e72717b33d8d64142
690,https://github.com/broofa/node-uuid/commit/672f3834ed02c798aa021c618d0a5666c8da000d
691,https://github.com/varnish/Varnish-Cache/commit/29870c8fe95e4e8a672f6f28c5fbe692bea09e9c
692,https://github.com/varnish/Varnish-Cache/commit/85e8468bec9416bd7e16b0d80cb820ecd2b330c3
693,https://github.com/stedolan/jq/commit/8eb1367ca44e772963e704a700ef72ae2e12babd
694,https://github.com/stedolan/jq/issues/995
695,https://github.com/roundcube/roundcubemail/commit/40d7342dd9c9bd2a1d613edc848ed95a4d71aa18
696,https://github.com/roundcube/roundcubemail/issues/4949
697,https://github.com/roundcube/roundcubemail/releases/tag/1.0.9
698,https://github.com/roundcube/roundcubemail/releases/tag/1.1.5
699,https://github.com/roundcube/roundcubemail/wiki/Changelog#release-115
700,https://github.com/file/file/commit/6713ca45e7757297381f4b4cdb9cf5e624a9ad36
701,https://github.com/ocaml/ocaml/commit/659615c7b100a89eafe6253e7a5b9d84d0e8df74#diff-a97df53e3ebc59bb457191b496c90762
702,https://github.com/uclouvain/openjpeg/blob/master/CHANGELOG.md
703,https://github.com/uclouvain/openjpeg/commit/940100c28ae28931722290794889cf84a92c5f6f
704,https://github.com/uclouvain/openjpeg/issues/563
705,https://github.com/dosfstools/dosfstools/commit/07908124838afcc99c577d1d3e84cef2dbd39cb7
706,https://github.com/dosfstools/dosfstools/issues/12
707,https://github.com/dosfstools/dosfstools/releases/tag/v4.0
708,https://github.com/libgd/libgd/commit/4751b606fa38edc456d627140898a7ec679fcc24
709,https://github.com/libgd/libgd/issues/173
710,https://github.com/ImageMagick/ImageMagick/commit/4f68e9661518463fca523c9726bb5d940a2aa6d8
711,https://github.com/ImageMagick/ImageMagick/commit/0f6fc2d5bf8f500820c3dbcf0d23ee14f2d9f734
712,https://github.com/ImageMagick/ImageMagick/commit/0f6fc2d5bf8f500820c3dbcf0d23ee14f2d9f734
713,https://github.com/ImageMagick/ImageMagick/commit/7b1cf5784b5bcd85aa9293ecf56769f68c037231
714,https://github.com/ImageMagick/ImageMagick/commit/5b4bebaa91849c592a8448bc353ab25a54ff8c44
715,https://github.com/ImageMagick/ImageMagick/pull/34
716,https://github.com/ImageMagick/ImageMagick/commit/97aa7d7cfd2027f6ba7ce42caf8b798541b9cdc6
717,https://github.com/libarchive/libarchive/issues/503
718,https://github.com/libarchive/libarchive/issues/504
719,https://github.com/libarchive/libarchive/issues/505
720,https://github.com/libarchive/libarchive/issues/506
721,https://github.com/libarchive/libarchive/issues/510
722,https://github.com/libarchive/libarchive/issues/511
723,https://github.com/libarchive/libarchive/issues/512
724,https://github.com/libarchive/libarchive/issues/513
725,https://github.com/libarchive/libarchive/issues/514
726,https://github.com/libarchive/libarchive/issues/515
727,https://github.com/libarchive/libarchive/issues/516
728,https://github.com/libarchive/libarchive/issues/518
729,https://github.com/libarchive/libarchive/issues/523
730,https://github.com/libarchive/libarchive/issues/550
731,https://github.com/libarchive/libarchive/issues/517
732,https://github.com/libarchive/libarchive/issues/522
733,https://github.com/libarchive/libarchive/issues/539
734,https://github.com/libarchive/libarchive/issues/547
735,https://github.com/libarchive/libarchive/issues/548
736,https://github.com/libarchive/libarchive/issues/521
737,https://github.com/php/php-src/commit/996faf964bba1aec06b153b370a7f20d3dd2bb8b?w=1
738,https://github.com/openshift/origin/issues/3951
739,https://github.com/behdad/harfbuzz/commit/f96664974774bfeb237a7274f512f64aaafb201e
740,https://github.com/behdad/harfbuzz/issues/139#issuecomment-146984679
741,https://github.com/perl5-dbi/DBD-mysql/blob/4.033_01/Changes
742,https://github.com/perl5-dbi/DBD-mysql/commit/cf0aa7751f6ef8445e9310a64b14dc81460ca156
743,https://github.com/perl5-dbi/DBD-mysql/pull/45
744,https://github.com/torvalds/linux/commit/6829e274a623187c24f7cfc0e3d35f25d087fcc5
745,https://github.com/torvalds/linux/commit/82939d7999dfc1f1998c4b1c12e2f19edbdff272
746,https://github.com/torvalds/linux/commit/be0726d33cb8f411945884664924bed3cb8c70ee
747,https://github.com/torvalds/linux/commit/f9a61eb4e2471c56a63cd804c7474128138c38ac
748,https://github.com/torvalds/linux/commit/ab79efab0a0ba01a74df782eb7fa44b044dae8b5
749,https://github.com/torvalds/linux/commit/8fff105e13041e49b82f92eef034f363a6b1c071
750,https://github.com/torvalds/linux/commit/951b6a0717db97ce420547222647bcc40bf1eacd
751,https://github.com/ImageMagick/ImageMagick/commit/450bd716ed3b9186dd10f9e60f630a3d9eeea2a4
752,https://github.com/ImageMagick/ImageMagick/commit/78f82d9d1c2944725a279acd573a22168dc6e22a
753,https://github.com/ImageMagick/ImageMagick/commit/bd96074b254c6607a0f7731e59f923ad19d5a46d
754,https://github.com/ImageMagick/ImageMagick/commit/1aa0c6dab6dcef4d9bc3571866ae1c1ddbec7d8f
755,https://github.com/ImageMagick/ImageMagick/commit/6b4aff0f117b978502ee5bcd6e753c17aec5a961
756,https://github.com/ImageMagick/ImageMagick/commit/8ea44b48a182dd46d018f4b4f09a5e2ee9638105
757,https://github.com/ImageMagick/ImageMagick/commit/b8f17d08b7418204bf8a05a5c24e87b2fc395b75
758,https://github.com/ImageMagick/ImageMagick/commit/3ab016764c7f787829d9065440d86f5609765110
759,https://github.com/ImageMagick/ImageMagick/commit/9b428b7af688fe319320aed15f2b94281d1e37b4
760,https://github.com/torvalds/linux/commit/6934da9238da947628be83635e365df41064b09b
761,https://github.com/torvalds/linux/commit/f3951a3709ff50990bf3e188c27d346792103432
762,https://github.com/torvalds/linux/commit/12ca6ad2e3a896256f086497a7c7406a547ee373
763,https://github.com/torvalds/linux/commit/dd42bf1197144ede075a9d4793123f7689e164bc
764,https://github.com/torvalds/linux/commit/76cc404bfdc0d419c720de4daaf2584542734f42
765,https://github.com/torvalds/linux/commit/c623b33b4e9599c6ac5076f7db7369eb9869aa04
766,https://github.com/square/git-fastclone/pull/2
767,https://github.com/square/git-fastclone/pull/5
768,https://github.com/torvalds/linux/commit/dd504589577d8e8e70f51f997ad487a4cb6c026f
769,https://github.com/torvalds/linux/commit/c3c87e770458aa004bd7ed3f29945ff436fd6511
770,https://github.com/torvalds/linux/commit/0048b4837affd153897ed1222283492070027aa9
771,https://github.com/npat-efault/picocom/commit/1ebc60b20fbe9a02436d5cbbf8951714e749ddb1
772,https://github.com/ruby/ruby/commit/0827a7e52ba3d957a634b063bf5a391239b9ffee
773,https://github.com/rubysec/ruby-advisory-db/issues/215
774,https://github.com/mikel/mail/commit/72befdc4dab3e6e288ce226a7da2aa474cf5be83
775,https://github.com/mikel/mail/pull/1097
776,https://github.com/rubysec/ruby-advisory-db/issues/215
777,https://github.com/theguly/DecryptOpManager
778,https://github.com/cybersecurityworks/Disclosed/issues/6
779,https://github.com/cybersecurityworks/Disclosed/issues/5
780,https://github.com/cybersecurityworks/Disclosed/issues/3
781,https://github.com/gnachman/iTerm2/commit/33ccaf61e34ef32ffc9d6b2be5dd218f6bb55f51
782,https://github.com/gnachman/iTerm2/commit/e4eb1063529deb575b75b396138d41554428d522
783,https://github.com/auth0/node-jsonwebtoken/commit/1bb584bc382295eeb7ee8c4452a673a77a68b687
784,https://github.com/hapijs/hapi/issues/2840
785,https://github.com/hapijs/hapi/issues/2850
786,https://github.com/vdemedes/secure-compare/pull/1
787,https://github.com/hapijs/hapi/commit/aab2496e930dce5ee1ab28eecec94e0e45f03580
788,https://github.com/jfhbrook/node-ecstatic/pull/179
789,https://github.com/jfhbrook/node-ecstatic/pull/179
790,https://github.com/hapijs/hapi/issues/2980
791,https://github.com/felixge/node-mysql/issues/342
792,https://github.com/jquery/jquery/commit/f60729f3903d17917dc351f3ac87794de379b0cc
793,https://github.com/jquery/jquery/issues/2432
794,https://github.com/jquery/jquery/pull/2588
795,https://github.com/jquery/jquery/pull/2588/commits/c254d308a7d3f1eac4d0b42837804cfffcba4bb2
796,https://github.com/qpdf/qpdf/commit/701b518d5c56a1449825a3a37a716c58e05e1c3e
797,https://github.com/qpdf/qpdf/issues/51
798,https://bugs.php.net/bug.php?id=73342https://github.com/php/php-src/pull/3287
799,https://github.com/php/php-src/blob/PHP-7.1.20/NEWS#L20-L22
800,https://github.com/php/php-src/commit/69dee5c732fe982c82edb17d0dbc3e79a47748d8
801,https://github.com/theupdateframework/notary/blob/master/docs/resources/ncc_docker_notary_audit_2015_07_31.pdf
802,https://github.com/theupdateframework/notary/blob/master/docs/resources/ncc_docker_notary_audit_2015_07_31.pdf
803,https://github.com/bedita/bedita/issues/755#issuecomment-148036760
804,https://github.com/bedita/bedita/releases/tag/v3.7.0
805,https://github.com/cybersecurityworks/Disclosed/issues/8
806,https://github.com/harfbuzz/harfbuzz/commit/c917965b9e6fe2b21ed6c51559673288fa3af4b7
807,https://github.com/grafana/grafana/issues/4117
808,https://github.com/grafana/piechart-panel/issues/3
809,https://github.com/grafana/piechart-panel/pull/163
810,https://github.com/omniauth/omniauth/pull/809
811,https://github.com/omniauth/omniauth/wiki/Resolving-CVE-2015-9284
812,https://github.com/omniauth/omniauth-rails/pull/1
813,https://github.com/esotalk/esoTalk/issues/444
814,https://github.com/NodeBB/NodeBB/compare/56b79a9...4de7529
815,https://github.com/NodeBB/NodeBB/pull/3371
816,https://github.com/grymer/CVE
817,https://github.com/torvalds/linux/commit/1fa2337a315a2448c5434f41e00d56b01a22283c
818,https://github.com/braekling/WP-Matomo/commit/5110bfdb437a9f19b185ba8af33776fcb5e19940
819,https://github.com/cybersecurityworks/Disclosed/issues/7
820,https://github.com/scaron/prettyphoto/issues/149
821,https://github.com/scaron/prettyphoto/releases/tag/3.1.6
822,https://github.com/espreto/wpsploit/blob/master/modules/exploits/unix/webapp/wp_showbiz_file_upload.rb
823,https://github.com/duchenerc/artificial-intelligence/commit/c70631b1f80518411df2f88476041351110c6eac
824,https://github.com/cybersecurityworks/Disclosed/issues/1
825,https://github.com/cybersecurityworks/Disclosed/issues/2
826,https://github.com/amansaini/fast-secure-contact-form
827,https://github.com/cybersecurityworks/Disclosed/issues/4
828,https://github.com/FreeRADIUS/pam_radius/commit/01173ec2426627dbb1e0d96c06c3ffa0b14d36d0
829,https://github.com/ofirdagan/cross-domain-local-storage
830,https://github.com/ofirdagan/cross-domain-local-storage/issues/17
831,https://github.com/ofirdagan/cross-domain-local-storage/pull/19
832,https://github.com/ofirdagan/cross-domain-local-storage
833,https://github.com/ofirdagan/cross-domain-local-storage/issues/17
834,https://github.com/ofirdagan/cross-domain-local-storage/pull/19
835,https://github.com/cybersecurityworks/Disclosed/issues/11
,github_url
